Title,ImageUrl
"The King and Guardian OCT Audition 001","https://images-wixmp-ed30a86b8c4ca887773594c2.wixmp.com/f/87e8d9dd-e9e5-4075-9178-cb5002e9472a/dd0e2lo-28d46166-590f-4fd5-877d-d5837191d99f.png/v1/fill/w_1024,h_4452,q_80,strp/the_king_and_guardian_oct_audition_001_by_rilyrobo_dd0e2lo-pre.jpg?token=eyJ0eXAiOiJKV1QiLCJhbGciOiJIUzI1NiJ9.eyJzdWIiOiJ1cm46YXBwOjdlMGQxODg5ODIyNjQzNzNhNWYwZDQxNWVhMGQyNmUwIiwiaXNzIjoidXJuOmFwcDo3ZTBkMTg4OTgyMjY0MzczYTVmMGQ0MTVlYTBkMjZlMCIsIm9iaiI6W1t7ImhlaWdodCI6Ijw9NDQ1MiIsInBhdGgiOiJcL2ZcLzg3ZThkOWRkLWU5ZTUtNDA3NS05MTc4LWNiNTAwMmU5NDcyYVwvZGQwZTJsby0yOGQ0NjE2Ni01OTBmLTRmZDUtODc3ZC1kNTgzNzE5MWQ5OWYucG5nIiwid2lkdGgiOiI8PTEwMjQifV1dLCJhdWQiOlsidXJuOnNlcnZpY2U6aW1hZ2Uub3BlcmF0aW9ucyJdfQ.9DQLiFo5F05kMPCc7n2slxY_VqPlp4BSMGJgATqXXvw"
"The King and Guardian OCT Audition 002","https://images-wixmp-ed30a86b8c4ca887773594c2.wixmp.com/f/87e8d9dd-e9e5-4075-9178-cb5002e9472a/dd0e37g-f5121f89-6560-456e-9258-5407229f269a.png/v1/fill/w_1024,h_4452,q_80,strp/the_king_and_guardian_oct_audition_002_by_rilyrobo_dd0e37g-pre.jpg?token=eyJ0eXAiOiJKV1QiLCJhbGciOiJIUzI1NiJ9.eyJzdWIiOiJ1cm46YXBwOjdlMGQxODg5ODIyNjQzNzNhNWYwZDQxNWVhMGQyNmUwIiwiaXNzIjoidXJuOmFwcDo3ZTBkMTg4OTgyMjY0MzczYTVmMGQ0MTVlYTBkMjZlMCIsIm9iaiI6W1t7ImhlaWdodCI6Ijw9NDQ1MiIsInBhdGgiOiJcL2ZcLzg3ZThkOWRkLWU5ZTUtNDA3NS05MTc4LWNiNTAwMmU5NDcyYVwvZGQwZTM3Zy1mNTEyMWY4OS02NTYwLTQ1NmUtOTI1OC01NDA3MjI5ZjI2OWEucG5nIiwid2lkdGgiOiI8PTEwMjQifV1dLCJhdWQiOlsidXJuOnNlcnZpY2U6aW1hZ2Uub3BlcmF0aW9ucyJdfQ.ggBWQlyRYute-ctvmzqQ-Tm4-_EMzt5x3oTs1e4EOak"
"The King and Guardian OCT Audition 003","https://images-wixmp-ed30a86b8c4ca887773594c2.wixmp.com/f/87e8d9dd-e9e5-4075-9178-cb5002e9472a/dd0e3v3-af8ff4cb-d0a3-450b-823f-b390dae7c763.png/v1/fill/w_1024,h_4452,q_80,strp/the_king_and_guardian_oct_audition_003_by_rilyrobo_dd0e3v3-pre.jpg?token=eyJ0eXAiOiJKV1QiLCJhbGciOiJIUzI1NiJ9.eyJzdWIiOiJ1cm46YXBwOjdlMGQxODg5ODIyNjQzNzNhNWYwZDQxNWVhMGQyNmUwIiwiaXNzIjoidXJuOmFwcDo3ZTBkMTg4OTgyMjY0MzczYTVmMGQ0MTVlYTBkMjZlMCIsIm9iaiI6W1t7ImhlaWdodCI6Ijw9NDQ1MiIsInBhdGgiOiJcL2ZcLzg3ZThkOWRkLWU5ZTUtNDA3NS05MTc4LWNiNTAwMmU5NDcyYVwvZGQwZTN2My1hZjhmZjRjYi1kMGEzLTQ1MGItODIzZi1iMzkwZGFlN2M3NjMucG5nIiwid2lkdGgiOiI8PTEwMjQifV1dLCJhdWQiOlsidXJuOnNlcnZpY2U6aW1hZ2Uub3BlcmF0aW9ucyJdfQ.h2RABMQP9Wuk0cqpDFNN1_4q4iAcVHz5Q0mFkM2gNfk"
"The King and Guardian OCT Audition 004","https://images-wixmp-ed30a86b8c4ca887773594c2.wixmp.com/f/87e8d9dd-e9e5-4075-9178-cb5002e9472a/dd0e42w-7761a6d4-ed5e-402b-a420-2d7e35e17405.png/v1/fill/w_1024,h_4452,q_80,strp/the_king_and_guardian_oct_audition_004_by_rilyrobo_dd0e42w-pre.jpg?token=eyJ0eXAiOiJKV1QiLCJhbGciOiJIUzI1NiJ9.eyJzdWIiOiJ1cm46YXBwOjdlMGQxODg5ODIyNjQzNzNhNWYwZDQxNWVhMGQyNmUwIiwiaXNzIjoidXJuOmFwcDo3ZTBkMTg4OTgyMjY0MzczYTVmMGQ0MTVlYTBkMjZlMCIsIm9iaiI6W1t7ImhlaWdodCI6Ijw9NDQ1MiIsInBhdGgiOiJcL2ZcLzg3ZThkOWRkLWU5ZTUtNDA3NS05MTc4LWNiNTAwMmU5NDcyYVwvZGQwZTQydy03NzYxYTZkNC1lZDVlLTQwMmItYTQyMC0yZDdlMzVlMTc0MDUucG5nIiwid2lkdGgiOiI8PTEwMjQifV1dLCJhdWQiOlsidXJuOnNlcnZpY2U6aW1hZ2Uub3BlcmF0aW9ucyJdfQ.9fOF1N7VARF0k5odrMTps2bALKvx9zGiMUOxuRaveho"
"The King and Guardian OCT Audition 005","https://images-wixmp-ed30a86b8c4ca887773594c2.wixmp.com/f/87e8d9dd-e9e5-4075-9178-cb5002e9472a/dd0e4e5-58702dd2-ad97-4721-813b-55b748d39801.png/v1/fill/w_1024,h_4452,q_80,strp/the_king_and_guardian_oct_audition_005_by_rilyrobo_dd0e4e5-pre.jpg?token=eyJ0eXAiOiJKV1QiLCJhbGciOiJIUzI1NiJ9.eyJzdWIiOiJ1cm46YXBwOjdlMGQxODg5ODIyNjQzNzNhNWYwZDQxNWVhMGQyNmUwIiwiaXNzIjoidXJuOmFwcDo3ZTBkMTg4OTgyMjY0MzczYTVmMGQ0MTVlYTBkMjZlMCIsIm9iaiI6W1t7ImhlaWdodCI6Ijw9NDQ1MiIsInBhdGgiOiJcL2ZcLzg3ZThkOWRkLWU5ZTUtNDA3NS05MTc4LWNiNTAwMmU5NDcyYVwvZGQwZTRlNS01ODcwMmRkMi1hZDk3LTQ3MjEtODEzYi01NWI3NDhkMzk4MDEucG5nIiwid2lkdGgiOiI8PTEwMjQifV1dLCJhdWQiOlsidXJuOnNlcnZpY2U6aW1hZ2Uub3BlcmF0aW9ucyJdfQ.3IiCHVJ21WpKxFLgWPdRrAI9D5pZssncbrBPPoxFuZk"
"The King and Guardian OCT Audition 006","https://images-wixmp-ed30a86b8c4ca887773594c2.wixmp.com/f/87e8d9dd-e9e5-4075-9178-cb5002e9472a/dd0e4hw-bbdbef98-ea6e-4437-8c13-3c8ceeb55794.png/v1/fill/w_1024,h_4452,q_80,strp/the_king_and_guardian_oct_audition_006_by_rilyrobo_dd0e4hw-pre.jpg?token=eyJ0eXAiOiJKV1QiLCJhbGciOiJIUzI1NiJ9.eyJzdWIiOiJ1cm46YXBwOjdlMGQxODg5ODIyNjQzNzNhNWYwZDQxNWVhMGQyNmUwIiwiaXNzIjoidXJuOmFwcDo3ZTBkMTg4OTgyMjY0MzczYTVmMGQ0MTVlYTBkMjZlMCIsIm9iaiI6W1t7ImhlaWdodCI6Ijw9NDQ1MiIsInBhdGgiOiJcL2ZcLzg3ZThkOWRkLWU5ZTUtNDA3NS05MTc4LWNiNTAwMmU5NDcyYVwvZGQwZTRody1iYmRiZWY5OC1lYTZlLTQ0MzctOGMxMy0zYzhjZWViNTU3OTQucG5nIiwid2lkdGgiOiI8PTEwMjQifV1dLCJhdWQiOlsidXJuOnNlcnZpY2U6aW1hZ2Uub3BlcmF0aW9ucyJdfQ.1b0LR1Scnwop4k9QHjEUPLm1z0QSOoATRwVXBJXee8E"
"The King and Guardian OCT Audition 007","https://images-wixmp-ed30a86b8c4ca887773594c2.wixmp.com/f/87e8d9dd-e9e5-4075-9178-cb5002e9472a/dd0nwyv-183515a2-e394-42f7-9776-95bf82afd6f6.png/v1/fill/w_1024,h_4452,q_80,strp/the_king_and_guardian_oct_audition_007_by_rilyrobo_dd0nwyv-pre.jpg?token=eyJ0eXAiOiJKV1QiLCJhbGciOiJIUzI1NiJ9.eyJzdWIiOiJ1cm46YXBwOjdlMGQxODg5ODIyNjQzNzNhNWYwZDQxNWVhMGQyNmUwIiwiaXNzIjoidXJuOmFwcDo3ZTBkMTg4OTgyMjY0MzczYTVmMGQ0MTVlYTBkMjZlMCIsIm9iaiI6W1t7ImhlaWdodCI6Ijw9NDQ1MiIsInBhdGgiOiJcL2ZcLzg3ZThkOWRkLWU5ZTUtNDA3NS05MTc4LWNiNTAwMmU5NDcyYVwvZGQwbnd5di0xODM1MTVhMi1lMzk0LTQyZjctOTc3Ni05NWJmODJhZmQ2ZjYucG5nIiwid2lkdGgiOiI8PTEwMjQifV1dLCJhdWQiOlsidXJuOnNlcnZpY2U6aW1hZ2Uub3BlcmF0aW9ucyJdfQ.eGl9WX2-oCgEOtzakBboMaBnq5PD1eJQlq7RZ7KPWoA"
"The King and Guardian OCT Audition 008","https://images-wixmp-ed30a86b8c4ca887773594c2.wixmp.com/f/87e8d9dd-e9e5-4075-9178-cb5002e9472a/dd0olnh-bfa282d2-2cbf-4948-9885-d529e1d0b51d.png/v1/fill/w_1024,h_4452,q_80,strp/the_king_and_guardian_oct_audition_008_by_rilyrobo_dd0olnh-pre.jpg?token=eyJ0eXAiOiJKV1QiLCJhbGciOiJIUzI1NiJ9.eyJzdWIiOiJ1cm46YXBwOjdlMGQxODg5ODIyNjQzNzNhNWYwZDQxNWVhMGQyNmUwIiwiaXNzIjoidXJuOmFwcDo3ZTBkMTg4OTgyMjY0MzczYTVmMGQ0MTVlYTBkMjZlMCIsIm9iaiI6W1t7ImhlaWdodCI6Ijw9NDQ1MiIsInBhdGgiOiJcL2ZcLzg3ZThkOWRkLWU5ZTUtNDA3NS05MTc4LWNiNTAwMmU5NDcyYVwvZGQwb2xuaC1iZmEyODJkMi0yY2JmLTQ5NDgtOTg4NS1kNTI5ZTFkMGI1MWQucG5nIiwid2lkdGgiOiI8PTEwMjQifV1dLCJhdWQiOlsidXJuOnNlcnZpY2U6aW1hZ2Uub3BlcmF0aW9ucyJdfQ.5qq4g6pXVOwgFAQbqPzytrWaOU5dx_AJzLJFGcRhA70"
"The King and Guardian OCT Audition 009","https://images-wixmp-ed30a86b8c4ca887773594c2.wixmp.com/f/87e8d9dd-e9e5-4075-9178-cb5002e9472a/dd1b3f2-298c16aa-cd27-47ea-a528-e8fb86d69ef6.png/v1/fill/w_1024,h_4452,q_80,strp/the_king_and_guardian_oct_audition_009_by_rilyrobo_dd1b3f2-pre.jpg?token=eyJ0eXAiOiJKV1QiLCJhbGciOiJIUzI1NiJ9.eyJzdWIiOiJ1cm46YXBwOjdlMGQxODg5ODIyNjQzNzNhNWYwZDQxNWVhMGQyNmUwIiwiaXNzIjoidXJuOmFwcDo3ZTBkMTg4OTgyMjY0MzczYTVmMGQ0MTVlYTBkMjZlMCIsIm9iaiI6W1t7ImhlaWdodCI6Ijw9NDQ1MiIsInBhdGgiOiJcL2ZcLzg3ZThkOWRkLWU5ZTUtNDA3NS05MTc4LWNiNTAwMmU5NDcyYVwvZGQxYjNmMi0yOThjMTZhYS1jZDI3LTQ3ZWEtYTUyOC1lOGZiODZkNjllZjYucG5nIiwid2lkdGgiOiI8PTEwMjQifV1dLCJhdWQiOlsidXJuOnNlcnZpY2U6aW1hZ2Uub3BlcmF0aW9ucyJdfQ.WB9EJj-60aFXmDcnaWaVLK_lvjAU84wm51TOkCK_-7U"
"The King and Guardian OCT Audition 010","https://images-wixmp-ed30a86b8c4ca887773594c2.wixmp.com/f/87e8d9dd-e9e5-4075-9178-cb5002e9472a/dd1b3p1-946b0338-1fea-4b3d-a6f7-2ed8df793aae.png/v1/fill/w_1024,h_4452,q_80,strp/the_king_and_guardian_oct_audition_010_by_rilyrobo_dd1b3p1-pre.jpg?token=eyJ0eXAiOiJKV1QiLCJhbGciOiJIUzI1NiJ9.eyJzdWIiOiJ1cm46YXBwOjdlMGQxODg5ODIyNjQzNzNhNWYwZDQxNWVhMGQyNmUwIiwiaXNzIjoidXJuOmFwcDo3ZTBkMTg4OTgyMjY0MzczYTVmMGQ0MTVlYTBkMjZlMCIsIm9iaiI6W1t7ImhlaWdodCI6Ijw9NDQ1MiIsInBhdGgiOiJcL2ZcLzg3ZThkOWRkLWU5ZTUtNDA3NS05MTc4LWNiNTAwMmU5NDcyYVwvZGQxYjNwMS05NDZiMDMzOC0xZmVhLTRiM2QtYTZmNy0yZWQ4ZGY3OTNhYWUucG5nIiwid2lkdGgiOiI8PTEwMjQifV1dLCJhdWQiOlsidXJuOnNlcnZpY2U6aW1hZ2Uub3BlcmF0aW9ucyJdfQ.K8ViSz1lpNEDvdNXxFlIKlnA8j9Dh7_-2YorQXccWYQ"
"The King and Guardian OCT Audition 011","https://images-wixmp-ed30a86b8c4ca887773594c2.wixmp.com/f/87e8d9dd-e9e5-4075-9178-cb5002e9472a/dd1gis7-9719065b-f3d5-4e86-a1fe-4ad8b6c1c82b.png/v1/fill/w_1024,h_4452,q_80,strp/the_king_and_guardian_oct_audition_011_by_rilyrobo_dd1gis7-pre.jpg?token=eyJ0eXAiOiJKV1QiLCJhbGciOiJIUzI1NiJ9.eyJzdWIiOiJ1cm46YXBwOjdlMGQxODg5ODIyNjQzNzNhNWYwZDQxNWVhMGQyNmUwIiwiaXNzIjoidXJuOmFwcDo3ZTBkMTg4OTgyMjY0MzczYTVmMGQ0MTVlYTBkMjZlMCIsIm9iaiI6W1t7ImhlaWdodCI6Ijw9NDQ1MiIsInBhdGgiOiJcL2ZcLzg3ZThkOWRkLWU5ZTUtNDA3NS05MTc4LWNiNTAwMmU5NDcyYVwvZGQxZ2lzNy05NzE5MDY1Yi1mM2Q1LTRlODYtYTFmZS00YWQ4YjZjMWM4MmIucG5nIiwid2lkdGgiOiI8PTEwMjQifV1dLCJhdWQiOlsidXJuOnNlcnZpY2U6aW1hZ2Uub3BlcmF0aW9ucyJdfQ.SFPQluviBnDEmsL6GBjvHLykBo3Wpy7f-jdY0lKb5nU"
"The King and Guardian OCT Audition 012","https://images-wixmp-ed30a86b8c4ca887773594c2.wixmp.com/f/87e8d9dd-e9e5-4075-9178-cb5002e9472a/dd1hni4-45a49237-e911-437b-a803-f68d980757c4.png/v1/fill/w_1024,h_4452,q_80,strp/the_king_and_guardian_oct_audition_012_by_rilyrobo_dd1hni4-pre.jpg?token=eyJ0eXAiOiJKV1QiLCJhbGciOiJIUzI1NiJ9.eyJzdWIiOiJ1cm46YXBwOjdlMGQxODg5ODIyNjQzNzNhNWYwZDQxNWVhMGQyNmUwIiwiaXNzIjoidXJuOmFwcDo3ZTBkMTg4OTgyMjY0MzczYTVmMGQ0MTVlYTBkMjZlMCIsIm9iaiI6W1t7ImhlaWdodCI6Ijw9NDQ1MiIsInBhdGgiOiJcL2ZcLzg3ZThkOWRkLWU5ZTUtNDA3NS05MTc4LWNiNTAwMmU5NDcyYVwvZGQxaG5pNC00NWE0OTIzNy1lOTExLTQzN2ItYTgwMy1mNjhkOTgwNzU3YzQucG5nIiwid2lkdGgiOiI8PTEwMjQifV1dLCJhdWQiOlsidXJuOnNlcnZpY2U6aW1hZ2Uub3BlcmF0aW9ucyJdfQ.Z5esZVnZmPTyzyCVBwjIgBByQ6ur4knEK8f6Wa8HKHA"
"The King and Guardian OCT Audition 013","https://images-wixmp-ed30a86b8c4ca887773594c2.wixmp.com/f/87e8d9dd-e9e5-4075-9178-cb5002e9472a/dd1nd3h-890cdaf8-cf4a-4af5-b117-23daf54b6f69.png/v1/fill/w_1024,h_4452,q_80,strp/the_king_and_guardian_oct_audition_013_by_rilyrobo_dd1nd3h-pre.jpg?token=eyJ0eXAiOiJKV1QiLCJhbGciOiJIUzI1NiJ9.eyJzdWIiOiJ1cm46YXBwOjdlMGQxODg5ODIyNjQzNzNhNWYwZDQxNWVhMGQyNmUwIiwiaXNzIjoidXJuOmFwcDo3ZTBkMTg4OTgyMjY0MzczYTVmMGQ0MTVlYTBkMjZlMCIsIm9iaiI6W1t7ImhlaWdodCI6Ijw9NDQ1MiIsInBhdGgiOiJcL2ZcLzg3ZThkOWRkLWU5ZTUtNDA3NS05MTc4LWNiNTAwMmU5NDcyYVwvZGQxbmQzaC04OTBjZGFmOC1jZjRhLTRhZjUtYjExNy0yM2RhZjU0YjZmNjkucG5nIiwid2lkdGgiOiI8PTEwMjQifV1dLCJhdWQiOlsidXJuOnNlcnZpY2U6aW1hZ2Uub3BlcmF0aW9ucyJdfQ.BqHwYmKRvN3fa_muw0xak_I1qsrOR2L-3SGM2grwIZ0"
"The King and Guardian OCT Audition 014","https://images-wixmp-ed30a86b8c4ca887773594c2.wixmp.com/f/87e8d9dd-e9e5-4075-9178-cb5002e9472a/dd1nd7r-5dc9bc32-655f-413d-bf79-38336b1b02f3.png/v1/fill/w_1024,h_4452,q_80,strp/the_king_and_guardian_oct_audition_014_by_rilyrobo_dd1nd7r-pre.jpg?token=eyJ0eXAiOiJKV1QiLCJhbGciOiJIUzI1NiJ9.eyJzdWIiOiJ1cm46YXBwOjdlMGQxODg5ODIyNjQzNzNhNWYwZDQxNWVhMGQyNmUwIiwiaXNzIjoidXJuOmFwcDo3ZTBkMTg4OTgyMjY0MzczYTVmMGQ0MTVlYTBkMjZlMCIsIm9iaiI6W1t7ImhlaWdodCI6Ijw9NDQ1MiIsInBhdGgiOiJcL2ZcLzg3ZThkOWRkLWU5ZTUtNDA3NS05MTc4LWNiNTAwMmU5NDcyYVwvZGQxbmQ3ci01ZGM5YmMzMi02NTVmLTQxM2QtYmY3OS0zODMzNmIxYjAyZjMucG5nIiwid2lkdGgiOiI8PTEwMjQifV1dLCJhdWQiOlsidXJuOnNlcnZpY2U6aW1hZ2Uub3BlcmF0aW9ucyJdfQ.cnPWz0-fo6Eusbd8XpeULYRQdSFp1LvTLixcMIX5-9A"
"The King and Guardian OCT Audition 015","https://images-wixmp-ed30a86b8c4ca887773594c2.wixmp.com/f/87e8d9dd-e9e5-4075-9178-cb5002e9472a/dd1ndcm-7d1c3ca9-6ac5-4060-ab26-fce72390a829.png/v1/fill/w_1024,h_4452,q_80,strp/the_king_and_guardian_oct_audition_015_by_rilyrobo_dd1ndcm-pre.jpg?token=eyJ0eXAiOiJKV1QiLCJhbGciOiJIUzI1NiJ9.eyJzdWIiOiJ1cm46YXBwOjdlMGQxODg5ODIyNjQzNzNhNWYwZDQxNWVhMGQyNmUwIiwiaXNzIjoidXJuOmFwcDo3ZTBkMTg4OTgyMjY0MzczYTVmMGQ0MTVlYTBkMjZlMCIsIm9iaiI6W1t7ImhlaWdodCI6Ijw9NDQ1MiIsInBhdGgiOiJcL2ZcLzg3ZThkOWRkLWU5ZTUtNDA3NS05MTc4LWNiNTAwMmU5NDcyYVwvZGQxbmRjbS03ZDFjM2NhOS02YWM1LTQwNjAtYWIyNi1mY2U3MjM5MGE4MjkucG5nIiwid2lkdGgiOiI8PTEwMjQifV1dLCJhdWQiOlsidXJuOnNlcnZpY2U6aW1hZ2Uub3BlcmF0aW9ucyJdfQ.90VFtx6WTmW0QsoLKUaB4lm3OUI53vvtdYnw_URqUbY"
"The King and Guardian OCT Audition 016","https://images-wixmp-ed30a86b8c4ca887773594c2.wixmp.com/f/87e8d9dd-e9e5-4075-9178-cb5002e9472a/dd1ndgl-b3da7fac-e805-4ec4-aca3-9719216ebf70.png/v1/fill/w_1024,h_4452,q_80,strp/the_king_and_guardian_oct_audition_016_by_rilyrobo_dd1ndgl-pre.jpg?token=eyJ0eXAiOiJKV1QiLCJhbGciOiJIUzI1NiJ9.eyJzdWIiOiJ1cm46YXBwOjdlMGQxODg5ODIyNjQzNzNhNWYwZDQxNWVhMGQyNmUwIiwiaXNzIjoidXJuOmFwcDo3ZTBkMTg4OTgyMjY0MzczYTVmMGQ0MTVlYTBkMjZlMCIsIm9iaiI6W1t7ImhlaWdodCI6Ijw9NDQ1MiIsInBhdGgiOiJcL2ZcLzg3ZThkOWRkLWU5ZTUtNDA3NS05MTc4LWNiNTAwMmU5NDcyYVwvZGQxbmRnbC1iM2RhN2ZhYy1lODA1LTRlYzQtYWNhMy05NzE5MjE2ZWJmNzAucG5nIiwid2lkdGgiOiI8PTEwMjQifV1dLCJhdWQiOlsidXJuOnNlcnZpY2U6aW1hZ2Uub3BlcmF0aW9ucyJdfQ.bNpG_LV78rMMbzImdu9yeronIZ3opZUQW6BbAUITb3w"
"The King and Guardian OCT Round1 001","https://images-wixmp-ed30a86b8c4ca887773594c2.wixmp.com/f/87e8d9dd-e9e5-4075-9178-cb5002e9472a/dd8wm81-b4d9f4cf-8822-4df0-a2be-eb804bf82fa8.png/v1/fill/w_1024,h_4452,q_80,strp/the_king_and_guardian_oct_round1_001_by_rilyrobo_dd8wm81-pre.jpg?token=eyJ0eXAiOiJKV1QiLCJhbGciOiJIUzI1NiJ9.eyJzdWIiOiJ1cm46YXBwOjdlMGQxODg5ODIyNjQzNzNhNWYwZDQxNWVhMGQyNmUwIiwiaXNzIjoidXJuOmFwcDo3ZTBkMTg4OTgyMjY0MzczYTVmMGQ0MTVlYTBkMjZlMCIsIm9iaiI6W1t7ImhlaWdodCI6Ijw9NDQ1MiIsInBhdGgiOiJcL2ZcLzg3ZThkOWRkLWU5ZTUtNDA3NS05MTc4LWNiNTAwMmU5NDcyYVwvZGQ4d204MS1iNGQ5ZjRjZi04ODIyLTRkZjAtYTJiZS1lYjgwNGJmODJmYTgucG5nIiwid2lkdGgiOiI8PTEwMjQifV1dLCJhdWQiOlsidXJuOnNlcnZpY2U6aW1hZ2Uub3BlcmF0aW9ucyJdfQ.ZcAUhAr2oXEyfW8oJEosGQ5qCCTcumQtUkmxVFv5wwU"
"The King and Guardian OCT Round1 002","https://images-wixmp-ed30a86b8c4ca887773594c2.wixmp.com/f/87e8d9dd-e9e5-4075-9178-cb5002e9472a/dd92yw0-cab1b1c4-79a6-4b47-b7d8-eb0a6faec69b.png/v1/fill/w_1024,h_4452,q_80,strp/the_king_and_guardian_oct_round1_002_by_rilyrobo_dd92yw0-pre.jpg?token=eyJ0eXAiOiJKV1QiLCJhbGciOiJIUzI1NiJ9.eyJzdWIiOiJ1cm46YXBwOjdlMGQxODg5ODIyNjQzNzNhNWYwZDQxNWVhMGQyNmUwIiwiaXNzIjoidXJuOmFwcDo3ZTBkMTg4OTgyMjY0MzczYTVmMGQ0MTVlYTBkMjZlMCIsIm9iaiI6W1t7ImhlaWdodCI6Ijw9NDQ1MiIsInBhdGgiOiJcL2ZcLzg3ZThkOWRkLWU5ZTUtNDA3NS05MTc4LWNiNTAwMmU5NDcyYVwvZGQ5Mnl3MC1jYWIxYjFjNC03OWE2LTRiNDctYjdkOC1lYjBhNmZhZWM2OWIucG5nIiwid2lkdGgiOiI8PTEwMjQifV1dLCJhdWQiOlsidXJuOnNlcnZpY2U6aW1hZ2Uub3BlcmF0aW9ucyJdfQ.XaCFodeAXteQ6VpkCxocdJ8z0wtjJ6eanztLGrgxptE"
"The King and Guardian OCT Round1 003","https://images-wixmp-ed30a86b8c4ca887773594c2.wixmp.com/f/87e8d9dd-e9e5-4075-9178-cb5002e9472a/dd92z2m-0f2df70b-cf94-47ec-b78f-abb81b53ab6c.png/v1/fill/w_1024,h_4452,q_80,strp/the_king_and_guardian_oct_round1_003_by_rilyrobo_dd92z2m-pre.jpg?token=eyJ0eXAiOiJKV1QiLCJhbGciOiJIUzI1NiJ9.eyJzdWIiOiJ1cm46YXBwOjdlMGQxODg5ODIyNjQzNzNhNWYwZDQxNWVhMGQyNmUwIiwiaXNzIjoidXJuOmFwcDo3ZTBkMTg4OTgyMjY0MzczYTVmMGQ0MTVlYTBkMjZlMCIsIm9iaiI6W1t7ImhlaWdodCI6Ijw9NDQ1MiIsInBhdGgiOiJcL2ZcLzg3ZThkOWRkLWU5ZTUtNDA3NS05MTc4LWNiNTAwMmU5NDcyYVwvZGQ5MnoybS0wZjJkZjcwYi1jZjk0LTQ3ZWMtYjc4Zi1hYmI4MWI1M2FiNmMucG5nIiwid2lkdGgiOiI8PTEwMjQifV1dLCJhdWQiOlsidXJuOnNlcnZpY2U6aW1hZ2Uub3BlcmF0aW9ucyJdfQ.D0ZixV__SrTdIJnttfUbZUtc375-P2-8bWaqSOKyioo"
"The King and Guardian OCT Round1 004","https://images-wixmp-ed30a86b8c4ca887773594c2.wixmp.com/f/87e8d9dd-e9e5-4075-9178-cb5002e9472a/dd92zb7-9483570d-76bb-4267-8936-410d720e95ff.png/v1/fill/w_1024,h_4452,q_80,strp/the_king_and_guardian_oct_round1_004_by_rilyrobo_dd92zb7-pre.jpg?token=eyJ0eXAiOiJKV1QiLCJhbGciOiJIUzI1NiJ9.eyJzdWIiOiJ1cm46YXBwOjdlMGQxODg5ODIyNjQzNzNhNWYwZDQxNWVhMGQyNmUwIiwiaXNzIjoidXJuOmFwcDo3ZTBkMTg4OTgyMjY0MzczYTVmMGQ0MTVlYTBkMjZlMCIsIm9iaiI6W1t7ImhlaWdodCI6Ijw9NDQ1MiIsInBhdGgiOiJcL2ZcLzg3ZThkOWRkLWU5ZTUtNDA3NS05MTc4LWNiNTAwMmU5NDcyYVwvZGQ5MnpiNy05NDgzNTcwZC03NmJiLTQyNjctODkzNi00MTBkNzIwZTk1ZmYucG5nIiwid2lkdGgiOiI8PTEwMjQifV1dLCJhdWQiOlsidXJuOnNlcnZpY2U6aW1hZ2Uub3BlcmF0aW9ucyJdfQ.TfUD2QEz-cbkxmIuw17Xv4ffyN7k4T6w6nWANaIZlEM"
"The King and Guardian OCT Round1 005","https://images-wixmp-ed30a86b8c4ca887773594c2.wixmp.com/f/87e8d9dd-e9e5-4075-9178-cb5002e9472a/dd92zmm-8e3f0a9d-8a44-44d9-a39e-9ee2b34f76cc.png/v1/fill/w_1024,h_4452,q_80,strp/the_king_and_guardian_oct_round1_005_by_rilyrobo_dd92zmm-pre.jpg?token=eyJ0eXAiOiJKV1QiLCJhbGciOiJIUzI1NiJ9.eyJzdWIiOiJ1cm46YXBwOjdlMGQxODg5ODIyNjQzNzNhNWYwZDQxNWVhMGQyNmUwIiwiaXNzIjoidXJuOmFwcDo3ZTBkMTg4OTgyMjY0MzczYTVmMGQ0MTVlYTBkMjZlMCIsIm9iaiI6W1t7ImhlaWdodCI6Ijw9NDQ1MiIsInBhdGgiOiJcL2ZcLzg3ZThkOWRkLWU5ZTUtNDA3NS05MTc4LWNiNTAwMmU5NDcyYVwvZGQ5MnptbS04ZTNmMGE5ZC04YTQ0LTQ0ZDktYTM5ZS05ZWUyYjM0Zjc2Y2MucG5nIiwid2lkdGgiOiI8PTEwMjQifV1dLCJhdWQiOlsidXJuOnNlcnZpY2U6aW1hZ2Uub3BlcmF0aW9ucyJdfQ.b5Wbvght8L7_Jlo63_TU0_4ze155KN5pmxMtW1SSNOU"
"The King and Guardian OCT Round1 006","https://images-wixmp-ed30a86b8c4ca887773594c2.wixmp.com/f/87e8d9dd-e9e5-4075-9178-cb5002e9472a/dd92zru-275efc28-743a-4088-a875-f39223bad52a.png/v1/fill/w_1024,h_4452,q_80,strp/the_king_and_guardian_oct_round1_006_by_rilyrobo_dd92zru-pre.jpg?token=eyJ0eXAiOiJKV1QiLCJhbGciOiJIUzI1NiJ9.eyJzdWIiOiJ1cm46YXBwOjdlMGQxODg5ODIyNjQzNzNhNWYwZDQxNWVhMGQyNmUwIiwiaXNzIjoidXJuOmFwcDo3ZTBkMTg4OTgyMjY0MzczYTVmMGQ0MTVlYTBkMjZlMCIsIm9iaiI6W1t7ImhlaWdodCI6Ijw9NDQ1MiIsInBhdGgiOiJcL2ZcLzg3ZThkOWRkLWU5ZTUtNDA3NS05MTc4LWNiNTAwMmU5NDcyYVwvZGQ5MnpydS0yNzVlZmMyOC03NDNhLTQwODgtYTg3NS1mMzkyMjNiYWQ1MmEucG5nIiwid2lkdGgiOiI8PTEwMjQifV1dLCJhdWQiOlsidXJuOnNlcnZpY2U6aW1hZ2Uub3BlcmF0aW9ucyJdfQ.46X-ODfpn7AIhO8LdPyVHMt0wsFzJKc1CNzfdck6248"
"The King and Guardian OCT Round1 007","https://images-wixmp-ed30a86b8c4ca887773594c2.wixmp.com/f/87e8d9dd-e9e5-4075-9178-cb5002e9472a/dd92zyp-57d88b40-e1b5-4b4b-8294-c1ad26f99eb4.png/v1/fill/w_1024,h_4452,q_80,strp/the_king_and_guardian_oct_round1_007_by_rilyrobo_dd92zyp-pre.jpg?token=eyJ0eXAiOiJKV1QiLCJhbGciOiJIUzI1NiJ9.eyJzdWIiOiJ1cm46YXBwOjdlMGQxODg5ODIyNjQzNzNhNWYwZDQxNWVhMGQyNmUwIiwiaXNzIjoidXJuOmFwcDo3ZTBkMTg4OTgyMjY0MzczYTVmMGQ0MTVlYTBkMjZlMCIsIm9iaiI6W1t7ImhlaWdodCI6Ijw9NDQ1MiIsInBhdGgiOiJcL2ZcLzg3ZThkOWRkLWU5ZTUtNDA3NS05MTc4LWNiNTAwMmU5NDcyYVwvZGQ5Mnp5cC01N2Q4OGI0MC1lMWI1LTRiNGItODI5NC1jMWFkMjZmOTllYjQucG5nIiwid2lkdGgiOiI8PTEwMjQifV1dLCJhdWQiOlsidXJuOnNlcnZpY2U6aW1hZ2Uub3BlcmF0aW9ucyJdfQ.KMuhh86N70BS__5vbUJqR-ziys4qt2XYKnWPVWdFYfE"
"The King and Guardian OCT Round1 008","https://images-wixmp-ed30a86b8c4ca887773594c2.wixmp.com/f/87e8d9dd-e9e5-4075-9178-cb5002e9472a/dd9303d-71bf31b5-e1e3-4fba-9410-7a0349fba6d2.png/v1/fill/w_1024,h_4452,q_80,strp/the_king_and_guardian_oct_round1_008_by_rilyrobo_dd9303d-pre.jpg?token=eyJ0eXAiOiJKV1QiLCJhbGciOiJIUzI1NiJ9.eyJzdWIiOiJ1cm46YXBwOjdlMGQxODg5ODIyNjQzNzNhNWYwZDQxNWVhMGQyNmUwIiwiaXNzIjoidXJuOmFwcDo3ZTBkMTg4OTgyMjY0MzczYTVmMGQ0MTVlYTBkMjZlMCIsIm9iaiI6W1t7ImhlaWdodCI6Ijw9NDQ1MiIsInBhdGgiOiJcL2ZcLzg3ZThkOWRkLWU5ZTUtNDA3NS05MTc4LWNiNTAwMmU5NDcyYVwvZGQ5MzAzZC03MWJmMzFiNS1lMWUzLTRmYmEtOTQxMC03YTAzNDlmYmE2ZDIucG5nIiwid2lkdGgiOiI8PTEwMjQifV1dLCJhdWQiOlsidXJuOnNlcnZpY2U6aW1hZ2Uub3BlcmF0aW9ucyJdfQ.oth4-xdgrXP7WCJ1VF7vY6_vg254mGbLsyS_KZviDCk"
"The King and Guardian OCT Round1 009","https://images-wixmp-ed30a86b8c4ca887773594c2.wixmp.com/f/87e8d9dd-e9e5-4075-9178-cb5002e9472a/dd930ck-7f65b8a0-ece7-4456-b036-76891c03815b.png/v1/fill/w_1024,h_4452,q_80,strp/the_king_and_guardian_oct_round1_009_by_rilyrobo_dd930ck-pre.jpg?token=eyJ0eXAiOiJKV1QiLCJhbGciOiJIUzI1NiJ9.eyJzdWIiOiJ1cm46YXBwOjdlMGQxODg5ODIyNjQzNzNhNWYwZDQxNWVhMGQyNmUwIiwiaXNzIjoidXJuOmFwcDo3ZTBkMTg4OTgyMjY0MzczYTVmMGQ0MTVlYTBkMjZlMCIsIm9iaiI6W1t7ImhlaWdodCI6Ijw9NDQ1MiIsInBhdGgiOiJcL2ZcLzg3ZThkOWRkLWU5ZTUtNDA3NS05MTc4LWNiNTAwMmU5NDcyYVwvZGQ5MzBjay03ZjY1YjhhMC1lY2U3LTQ0NTYtYjAzNi03Njg5MWMwMzgxNWIucG5nIiwid2lkdGgiOiI8PTEwMjQifV1dLCJhdWQiOlsidXJuOnNlcnZpY2U6aW1hZ2Uub3BlcmF0aW9ucyJdfQ.RjYCe4Msu-NSFtmuTXO6Hul-ihGQCT2ov8I1pZdrph4"
"The King and Guardian OCT Round1 010","https://images-wixmp-ed30a86b8c4ca887773594c2.wixmp.com/f/87e8d9dd-e9e5-4075-9178-cb5002e9472a/dd972f6-dd0706ed-b59a-4674-8c30-cae0fc955ebf.png/v1/fill/w_1024,h_4452,q_80,strp/the_king_and_guardian_oct_round1_010_by_rilyrobo_dd972f6-pre.jpg?token=eyJ0eXAiOiJKV1QiLCJhbGciOiJIUzI1NiJ9.eyJzdWIiOiJ1cm46YXBwOjdlMGQxODg5ODIyNjQzNzNhNWYwZDQxNWVhMGQyNmUwIiwiaXNzIjoidXJuOmFwcDo3ZTBkMTg4OTgyMjY0MzczYTVmMGQ0MTVlYTBkMjZlMCIsIm9iaiI6W1t7ImhlaWdodCI6Ijw9NDQ1MiIsInBhdGgiOiJcL2ZcLzg3ZThkOWRkLWU5ZTUtNDA3NS05MTc4LWNiNTAwMmU5NDcyYVwvZGQ5NzJmNi1kZDA3MDZlZC1iNTlhLTQ2NzQtOGMzMC1jYWUwZmM5NTVlYmYucG5nIiwid2lkdGgiOiI8PTEwMjQifV1dLCJhdWQiOlsidXJuOnNlcnZpY2U6aW1hZ2Uub3BlcmF0aW9ucyJdfQ.tUGpa1EpNFdczneHeDr1uDzV79ybB_plkob1NKJPUN0"
"The King and Guardian OCT Round1 011","https://images-wixmp-ed30a86b8c4ca887773594c2.wixmp.com/f/87e8d9dd-e9e5-4075-9178-cb5002e9472a/dd97pu1-7ea92580-4510-4be0-8586-472f3f870a01.png/v1/fill/w_1024,h_4452,q_80,strp/the_king_and_guardian_oct_round1_011_by_rilyrobo_dd97pu1-pre.jpg?token=eyJ0eXAiOiJKV1QiLCJhbGciOiJIUzI1NiJ9.eyJzdWIiOiJ1cm46YXBwOjdlMGQxODg5ODIyNjQzNzNhNWYwZDQxNWVhMGQyNmUwIiwiaXNzIjoidXJuOmFwcDo3ZTBkMTg4OTgyMjY0MzczYTVmMGQ0MTVlYTBkMjZlMCIsIm9iaiI6W1t7ImhlaWdodCI6Ijw9NDQ1MiIsInBhdGgiOiJcL2ZcLzg3ZThkOWRkLWU5ZTUtNDA3NS05MTc4LWNiNTAwMmU5NDcyYVwvZGQ5N3B1MS03ZWE5MjU4MC00NTEwLTRiZTAtODU4Ni00NzJmM2Y4NzBhMDEucG5nIiwid2lkdGgiOiI8PTEwMjQifV1dLCJhdWQiOlsidXJuOnNlcnZpY2U6aW1hZ2Uub3BlcmF0aW9ucyJdfQ.-Ov-brjuIccfWTllbugZkqoN0LnIWcKHcPk3F4A_3e0"
"The King and Guardian OCT Round2 001","https://images-wixmp-ed30a86b8c4ca887773594c2.wixmp.com/f/87e8d9dd-e9e5-4075-9178-cb5002e9472a/ddf7t84-8b7ffcd2-daa5-489b-be84-8a68731537e8.png/v1/fill/w_1024,h_4452,q_80,strp/the_king_and_guardian_oct_round2_001_by_rilyrobo_ddf7t84-pre.jpg?token=eyJ0eXAiOiJKV1QiLCJhbGciOiJIUzI1NiJ9.eyJzdWIiOiJ1cm46YXBwOjdlMGQxODg5ODIyNjQzNzNhNWYwZDQxNWVhMGQyNmUwIiwiaXNzIjoidXJuOmFwcDo3ZTBkMTg4OTgyMjY0MzczYTVmMGQ0MTVlYTBkMjZlMCIsIm9iaiI6W1t7ImhlaWdodCI6Ijw9NDQ1MiIsInBhdGgiOiJcL2ZcLzg3ZThkOWRkLWU5ZTUtNDA3NS05MTc4LWNiNTAwMmU5NDcyYVwvZGRmN3Q4NC04YjdmZmNkMi1kYWE1LTQ4OWItYmU4NC04YTY4NzMxNTM3ZTgucG5nIiwid2lkdGgiOiI8PTEwMjQifV1dLCJhdWQiOlsidXJuOnNlcnZpY2U6aW1hZ2Uub3BlcmF0aW9ucyJdfQ.mx3pTrbgAYH0UmpB4SzJ4SqzHXLzhGg8E_hTRW8JwLw"
"The King and Guardian OCT Round2 002","https://images-wixmp-ed30a86b8c4ca887773594c2.wixmp.com/f/87e8d9dd-e9e5-4075-9178-cb5002e9472a/ddf8k8y-6b4dc0c3-29ce-4473-8e15-8f9df46e3422.png/v1/fill/w_1024,h_4452,q_80,strp/the_king_and_guardian_oct_round2_002_by_rilyrobo_ddf8k8y-pre.jpg?token=eyJ0eXAiOiJKV1QiLCJhbGciOiJIUzI1NiJ9.eyJzdWIiOiJ1cm46YXBwOjdlMGQxODg5ODIyNjQzNzNhNWYwZDQxNWVhMGQyNmUwIiwiaXNzIjoidXJuOmFwcDo3ZTBkMTg4OTgyMjY0MzczYTVmMGQ0MTVlYTBkMjZlMCIsIm9iaiI6W1t7ImhlaWdodCI6Ijw9NDQ1MiIsInBhdGgiOiJcL2ZcLzg3ZThkOWRkLWU5ZTUtNDA3NS05MTc4LWNiNTAwMmU5NDcyYVwvZGRmOGs4eS02YjRkYzBjMy0yOWNlLTQ0NzMtOGUxNS04ZjlkZjQ2ZTM0MjIucG5nIiwid2lkdGgiOiI8PTEwMjQifV1dLCJhdWQiOlsidXJuOnNlcnZpY2U6aW1hZ2Uub3BlcmF0aW9ucyJdfQ.5eN0QgcgqgAQnSU5stoJx3-saEkb8TK4qrzyPHsLzyg"
"The King and Guardian OCT Round2 003","https://images-wixmp-ed30a86b8c4ca887773594c2.wixmp.com/f/87e8d9dd-e9e5-4075-9178-cb5002e9472a/ddf8kf1-30642d6a-5bb5-4308-a27e-ac0517a99f40.png/v1/fill/w_1024,h_4452,q_80,strp/the_king_and_guardian_oct_round2_003_by_rilyrobo_ddf8kf1-pre.jpg?token=eyJ0eXAiOiJKV1QiLCJhbGciOiJIUzI1NiJ9.eyJzdWIiOiJ1cm46YXBwOjdlMGQxODg5ODIyNjQzNzNhNWYwZDQxNWVhMGQyNmUwIiwiaXNzIjoidXJuOmFwcDo3ZTBkMTg4OTgyMjY0MzczYTVmMGQ0MTVlYTBkMjZlMCIsIm9iaiI6W1t7ImhlaWdodCI6Ijw9NDQ1MiIsInBhdGgiOiJcL2ZcLzg3ZThkOWRkLWU5ZTUtNDA3NS05MTc4LWNiNTAwMmU5NDcyYVwvZGRmOGtmMS0zMDY0MmQ2YS01YmI1LTQzMDgtYTI3ZS1hYzA1MTdhOTlmNDAucG5nIiwid2lkdGgiOiI8PTEwMjQifV1dLCJhdWQiOlsidXJuOnNlcnZpY2U6aW1hZ2Uub3BlcmF0aW9ucyJdfQ.1W52Xim9djUA5WnZFxa9-EtgmehPfAzVmnOrKC2tc5Y"
"The King and Guardian OCT Round2 004","https://images-wixmp-ed30a86b8c4ca887773594c2.wixmp.com/f/87e8d9dd-e9e5-4075-9178-cb5002e9472a/ddf8kl7-eb261f51-377e-451c-bf5c-3052163ff710.png/v1/fill/w_1024,h_4452,q_80,strp/the_king_and_guardian_oct_round2_004_by_rilyrobo_ddf8kl7-pre.jpg?token=eyJ0eXAiOiJKV1QiLCJhbGciOiJIUzI1NiJ9.eyJzdWIiOiJ1cm46YXBwOjdlMGQxODg5ODIyNjQzNzNhNWYwZDQxNWVhMGQyNmUwIiwiaXNzIjoidXJuOmFwcDo3ZTBkMTg4OTgyMjY0MzczYTVmMGQ0MTVlYTBkMjZlMCIsIm9iaiI6W1t7ImhlaWdodCI6Ijw9NDQ1MiIsInBhdGgiOiJcL2ZcLzg3ZThkOWRkLWU5ZTUtNDA3NS05MTc4LWNiNTAwMmU5NDcyYVwvZGRmOGtsNy1lYjI2MWY1MS0zNzdlLTQ1MWMtYmY1Yy0zMDUyMTYzZmY3MTAucG5nIiwid2lkdGgiOiI8PTEwMjQifV1dLCJhdWQiOlsidXJuOnNlcnZpY2U6aW1hZ2Uub3BlcmF0aW9ucyJdfQ.NYvC18r6ojTkOnpR_WipyHYsP58bigYJ7M6d0rwYXRU"
"The King and Guardian OCT Round2 005","https://images-wixmp-ed30a86b8c4ca887773594c2.wixmp.com/f/87e8d9dd-e9e5-4075-9178-cb5002e9472a/ddf8kpw-a72751f2-c9ea-4642-a629-ad96577d533b.png/v1/fill/w_1024,h_4452,q_80,strp/the_king_and_guardian_oct_round2_005_by_rilyrobo_ddf8kpw-pre.jpg?token=eyJ0eXAiOiJKV1QiLCJhbGciOiJIUzI1NiJ9.eyJzdWIiOiJ1cm46YXBwOjdlMGQxODg5ODIyNjQzNzNhNWYwZDQxNWVhMGQyNmUwIiwiaXNzIjoidXJuOmFwcDo3ZTBkMTg4OTgyMjY0MzczYTVmMGQ0MTVlYTBkMjZlMCIsIm9iaiI6W1t7ImhlaWdodCI6Ijw9NDQ1MiIsInBhdGgiOiJcL2ZcLzg3ZThkOWRkLWU5ZTUtNDA3NS05MTc4LWNiNTAwMmU5NDcyYVwvZGRmOGtwdy1hNzI3NTFmMi1jOWVhLTQ2NDItYTYyOS1hZDk2NTc3ZDUzM2IucG5nIiwid2lkdGgiOiI8PTEwMjQifV1dLCJhdWQiOlsidXJuOnNlcnZpY2U6aW1hZ2Uub3BlcmF0aW9ucyJdfQ.O5MX7Vw-H-Y_FmQ2tSiEo4JnogKNPFpQECV05ZfXTUk"
"The King and Guardian OCT Round2 006","https://images-wixmp-ed30a86b8c4ca887773594c2.wixmp.com/f/87e8d9dd-e9e5-4075-9178-cb5002e9472a/ddf8kx9-58e865aa-b810-400a-9acb-31486739d2a2.png/v1/fill/w_1024,h_4452,q_80,strp/the_king_and_guardian_oct_round2_006_by_rilyrobo_ddf8kx9-pre.jpg?token=eyJ0eXAiOiJKV1QiLCJhbGciOiJIUzI1NiJ9.eyJzdWIiOiJ1cm46YXBwOjdlMGQxODg5ODIyNjQzNzNhNWYwZDQxNWVhMGQyNmUwIiwiaXNzIjoidXJuOmFwcDo3ZTBkMTg4OTgyMjY0MzczYTVmMGQ0MTVlYTBkMjZlMCIsIm9iaiI6W1t7ImhlaWdodCI6Ijw9NDQ1MiIsInBhdGgiOiJcL2ZcLzg3ZThkOWRkLWU5ZTUtNDA3NS05MTc4LWNiNTAwMmU5NDcyYVwvZGRmOGt4OS01OGU4NjVhYS1iODEwLTQwMGEtOWFjYi0zMTQ4NjczOWQyYTIucG5nIiwid2lkdGgiOiI8PTEwMjQifV1dLCJhdWQiOlsidXJuOnNlcnZpY2U6aW1hZ2Uub3BlcmF0aW9ucyJdfQ.NbnFpqHM55OHxEsY3zm5fzhdBCtJzg3JVTXK_ZKUkYE"
"The King and Guardian OCT Round2 007","https://images-wixmp-ed30a86b8c4ca887773594c2.wixmp.com/f/87e8d9dd-e9e5-4075-9178-cb5002e9472a/ddf8l0p-c4f8e465-18e7-4648-9e73-f5984926ad6b.png/v1/fill/w_1024,h_4452,q_80,strp/the_king_and_guardian_oct_round2_007_by_rilyrobo_ddf8l0p-pre.jpg?token=eyJ0eXAiOiJKV1QiLCJhbGciOiJIUzI1NiJ9.eyJzdWIiOiJ1cm46YXBwOjdlMGQxODg5ODIyNjQzNzNhNWYwZDQxNWVhMGQyNmUwIiwiaXNzIjoidXJuOmFwcDo3ZTBkMTg4OTgyMjY0MzczYTVmMGQ0MTVlYTBkMjZlMCIsIm9iaiI6W1t7ImhlaWdodCI6Ijw9NDQ1MiIsInBhdGgiOiJcL2ZcLzg3ZThkOWRkLWU5ZTUtNDA3NS05MTc4LWNiNTAwMmU5NDcyYVwvZGRmOGwwcC1jNGY4ZTQ2NS0xOGU3LTQ2NDgtOWU3My1mNTk4NDkyNmFkNmIucG5nIiwid2lkdGgiOiI8PTEwMjQifV1dLCJhdWQiOlsidXJuOnNlcnZpY2U6aW1hZ2Uub3BlcmF0aW9ucyJdfQ.fjMgpY6aca209V_RZNybkxxZf55YyNLvLNIsBSHZsAU"
"The King and Guardian OCT Round2 008","https://images-wixmp-ed30a86b8c4ca887773594c2.wixmp.com/f/87e8d9dd-e9e5-4075-9178-cb5002e9472a/ddfjzon-405d212e-d624-45df-ad57-28e798dd0e25.png/v1/fill/w_1024,h_4452,q_80,strp/the_king_and_guardian_oct_round2_008_by_rilyrobo_ddfjzon-pre.jpg?token=eyJ0eXAiOiJKV1QiLCJhbGciOiJIUzI1NiJ9.eyJzdWIiOiJ1cm46YXBwOjdlMGQxODg5ODIyNjQzNzNhNWYwZDQxNWVhMGQyNmUwIiwiaXNzIjoidXJuOmFwcDo3ZTBkMTg4OTgyMjY0MzczYTVmMGQ0MTVlYTBkMjZlMCIsIm9iaiI6W1t7ImhlaWdodCI6Ijw9NDQ1MiIsInBhdGgiOiJcL2ZcLzg3ZThkOWRkLWU5ZTUtNDA3NS05MTc4LWNiNTAwMmU5NDcyYVwvZGRmanpvbi00MDVkMjEyZS1kNjI0LTQ1ZGYtYWQ1Ny0yOGU3OThkZDBlMjUucG5nIiwid2lkdGgiOiI8PTEwMjQifV1dLCJhdWQiOlsidXJuOnNlcnZpY2U6aW1hZ2Uub3BlcmF0aW9ucyJdfQ.6V857lq_OOLXdV35Vs7DtWc7uWTxe18ynjrnXNzuuIc"
"The King and Guardian OCT Round2 009","https://images-wixmp-ed30a86b8c4ca887773594c2.wixmp.com/f/87e8d9dd-e9e5-4075-9178-cb5002e9472a/ddfjzro-04655347-5d52-440c-9941-c9386f52fe7f.png/v1/fill/w_1024,h_4452,q_80,strp/the_king_and_guardian_oct_round2_009_by_rilyrobo_ddfjzro-pre.jpg?token=eyJ0eXAiOiJKV1QiLCJhbGciOiJIUzI1NiJ9.eyJzdWIiOiJ1cm46YXBwOjdlMGQxODg5ODIyNjQzNzNhNWYwZDQxNWVhMGQyNmUwIiwiaXNzIjoidXJuOmFwcDo3ZTBkMTg4OTgyMjY0MzczYTVmMGQ0MTVlYTBkMjZlMCIsIm9iaiI6W1t7ImhlaWdodCI6Ijw9NDQ1MiIsInBhdGgiOiJcL2ZcLzg3ZThkOWRkLWU5ZTUtNDA3NS05MTc4LWNiNTAwMmU5NDcyYVwvZGRmanpyby0wNDY1NTM0Ny01ZDUyLTQ0MGMtOTk0MS1jOTM4NmY1MmZlN2YucG5nIiwid2lkdGgiOiI8PTEwMjQifV1dLCJhdWQiOlsidXJuOnNlcnZpY2U6aW1hZ2Uub3BlcmF0aW9ucyJdfQ.vvyKlk2W4JDys2QymZuuL_4nIWVu8OGePsJSDO_fOK4"
"The King and Guardian OCT Round2 010","https://images-wixmp-ed30a86b8c4ca887773594c2.wixmp.com/f/87e8d9dd-e9e5-4075-9178-cb5002e9472a/ddfjzu1-2efd165a-c30d-46a6-8052-784be8cc7ec0.png/v1/fill/w_1024,h_4452,q_80,strp/the_king_and_guardian_oct_round2_010_by_rilyrobo_ddfjzu1-pre.jpg?token=eyJ0eXAiOiJKV1QiLCJhbGciOiJIUzI1NiJ9.eyJzdWIiOiJ1cm46YXBwOjdlMGQxODg5ODIyNjQzNzNhNWYwZDQxNWVhMGQyNmUwIiwiaXNzIjoidXJuOmFwcDo3ZTBkMTg4OTgyMjY0MzczYTVmMGQ0MTVlYTBkMjZlMCIsIm9iaiI6W1t7ImhlaWdodCI6Ijw9NDQ1MiIsInBhdGgiOiJcL2ZcLzg3ZThkOWRkLWU5ZTUtNDA3NS05MTc4LWNiNTAwMmU5NDcyYVwvZGRmanp1MS0yZWZkMTY1YS1jMzBkLTQ2YTYtODA1Mi03ODRiZThjYzdlYzAucG5nIiwid2lkdGgiOiI8PTEwMjQifV1dLCJhdWQiOlsidXJuOnNlcnZpY2U6aW1hZ2Uub3BlcmF0aW9ucyJdfQ.hmue-fnk7R20yQf-p3yDaE9yOhZlF8clJ-_4BLLfGlc"
"The King and Guardian OCT Round2 011","https://images-wixmp-ed30a86b8c4ca887773594c2.wixmp.com/f/87e8d9dd-e9e5-4075-9178-cb5002e9472a/ddfjzvw-a0acf011-03b6-41c9-9ffc-de750123f7b8.png/v1/fill/w_1024,h_4452,q_80,strp/the_king_and_guardian_oct_round2_011_by_rilyrobo_ddfjzvw-pre.jpg?token=eyJ0eXAiOiJKV1QiLCJhbGciOiJIUzI1NiJ9.eyJzdWIiOiJ1cm46YXBwOjdlMGQxODg5ODIyNjQzNzNhNWYwZDQxNWVhMGQyNmUwIiwiaXNzIjoidXJuOmFwcDo3ZTBkMTg4OTgyMjY0MzczYTVmMGQ0MTVlYTBkMjZlMCIsIm9iaiI6W1t7ImhlaWdodCI6Ijw9NDQ1MiIsInBhdGgiOiJcL2ZcLzg3ZThkOWRkLWU5ZTUtNDA3NS05MTc4LWNiNTAwMmU5NDcyYVwvZGRmanp2dy1hMGFjZjAxMS0wM2I2LTQxYzktOWZmYy1kZTc1MDEyM2Y3YjgucG5nIiwid2lkdGgiOiI8PTEwMjQifV1dLCJhdWQiOlsidXJuOnNlcnZpY2U6aW1hZ2Uub3BlcmF0aW9ucyJdfQ.DFeakBntvzQvE9sV-orknbKDAZrGwHLO9QQ8xQSye-Q"
"The King and Guardian OCT Round2 012","https://images-wixmp-ed30a86b8c4ca887773594c2.wixmp.com/f/87e8d9dd-e9e5-4075-9178-cb5002e9472a/ddfkk59-37852d8d-85a3-4edf-b562-a5ee6b69f5c0.png/v1/fill/w_1024,h_4452,q_80,strp/the_king_and_guardian_oct_round2_012_by_rilyrobo_ddfkk59-pre.jpg?token=eyJ0eXAiOiJKV1QiLCJhbGciOiJIUzI1NiJ9.eyJzdWIiOiJ1cm46YXBwOjdlMGQxODg5ODIyNjQzNzNhNWYwZDQxNWVhMGQyNmUwIiwiaXNzIjoidXJuOmFwcDo3ZTBkMTg4OTgyMjY0MzczYTVmMGQ0MTVlYTBkMjZlMCIsIm9iaiI6W1t7ImhlaWdodCI6Ijw9NDQ1MiIsInBhdGgiOiJcL2ZcLzg3ZThkOWRkLWU5ZTUtNDA3NS05MTc4LWNiNTAwMmU5NDcyYVwvZGRma2s1OS0zNzg1MmQ4ZC04NWEzLTRlZGYtYjU2Mi1hNWVlNmI2OWY1YzAucG5nIiwid2lkdGgiOiI8PTEwMjQifV1dLCJhdWQiOlsidXJuOnNlcnZpY2U6aW1hZ2Uub3BlcmF0aW9ucyJdfQ.a_YCmJb-dQm_CjyUCifv4gm2K-Guh_HAgtyybomLjak"
"The King and Guardian OCT Round2 013","https://images-wixmp-ed30a86b8c4ca887773594c2.wixmp.com/f/87e8d9dd-e9e5-4075-9178-cb5002e9472a/ddfkk6j-90b409de-44f3-4790-811f-6ef8bc1b0d32.png/v1/fill/w_1024,h_4452,q_80,strp/the_king_and_guardian_oct_round2_013_by_rilyrobo_ddfkk6j-pre.jpg?token=eyJ0eXAiOiJKV1QiLCJhbGciOiJIUzI1NiJ9.eyJzdWIiOiJ1cm46YXBwOjdlMGQxODg5ODIyNjQzNzNhNWYwZDQxNWVhMGQyNmUwIiwiaXNzIjoidXJuOmFwcDo3ZTBkMTg4OTgyMjY0MzczYTVmMGQ0MTVlYTBkMjZlMCIsIm9iaiI6W1t7ImhlaWdodCI6Ijw9NDQ1MiIsInBhdGgiOiJcL2ZcLzg3ZThkOWRkLWU5ZTUtNDA3NS05MTc4LWNiNTAwMmU5NDcyYVwvZGRma2s2ai05MGI0MDlkZS00NGYzLTQ3OTAtODExZi02ZWY4YmMxYjBkMzIucG5nIiwid2lkdGgiOiI8PTEwMjQifV1dLCJhdWQiOlsidXJuOnNlcnZpY2U6aW1hZ2Uub3BlcmF0aW9ucyJdfQ.Ct2q3z8rSNUrVtjtj_p1nJBOeXUvVITxoTPpCfwng9Q"
"The King and Guardian OCT Round2 014","https://images-wixmp-ed30a86b8c4ca887773594c2.wixmp.com/f/87e8d9dd-e9e5-4075-9178-cb5002e9472a/ddfkk86-a17729cf-e75f-4956-bffa-770f66a0a0d5.png/v1/fill/w_1024,h_4452,q_80,strp/the_king_and_guardian_oct_round2_014_by_rilyrobo_ddfkk86-pre.jpg?token=eyJ0eXAiOiJKV1QiLCJhbGciOiJIUzI1NiJ9.eyJzdWIiOiJ1cm46YXBwOjdlMGQxODg5ODIyNjQzNzNhNWYwZDQxNWVhMGQyNmUwIiwiaXNzIjoidXJuOmFwcDo3ZTBkMTg4OTgyMjY0MzczYTVmMGQ0MTVlYTBkMjZlMCIsIm9iaiI6W1t7ImhlaWdodCI6Ijw9NDQ1MiIsInBhdGgiOiJcL2ZcLzg3ZThkOWRkLWU5ZTUtNDA3NS05MTc4LWNiNTAwMmU5NDcyYVwvZGRma2s4Ni1hMTc3MjljZi1lNzVmLTQ5NTYtYmZmYS03NzBmNjZhMGEwZDUucG5nIiwid2lkdGgiOiI8PTEwMjQifV1dLCJhdWQiOlsidXJuOnNlcnZpY2U6aW1hZ2Uub3BlcmF0aW9ucyJdfQ.mL0FBZbZ68SSqwh68rzksVvOo4sEZijy-708evXnFBA"
"The King and Guardian OCT Round2 015","https://images-wixmp-ed30a86b8c4ca887773594c2.wixmp.com/f/87e8d9dd-e9e5-4075-9178-cb5002e9472a/ddfkk97-b3a85e1f-5e22-44b4-9987-314a2a4fcffd.png/v1/fill/w_1024,h_4452,q_80,strp/the_king_and_guardian_oct_round2_015_by_rilyrobo_ddfkk97-pre.jpg?token=eyJ0eXAiOiJKV1QiLCJhbGciOiJIUzI1NiJ9.eyJzdWIiOiJ1cm46YXBwOjdlMGQxODg5ODIyNjQzNzNhNWYwZDQxNWVhMGQyNmUwIiwiaXNzIjoidXJuOmFwcDo3ZTBkMTg4OTgyMjY0MzczYTVmMGQ0MTVlYTBkMjZlMCIsIm9iaiI6W1t7ImhlaWdodCI6Ijw9NDQ1MiIsInBhdGgiOiJcL2ZcLzg3ZThkOWRkLWU5ZTUtNDA3NS05MTc4LWNiNTAwMmU5NDcyYVwvZGRma2s5Ny1iM2E4NWUxZi01ZTIyLTQ0YjQtOTk4Ny0zMTRhMmE0ZmNmZmQucG5nIiwid2lkdGgiOiI8PTEwMjQifV1dLCJhdWQiOlsidXJuOnNlcnZpY2U6aW1hZ2Uub3BlcmF0aW9ucyJdfQ.xwFcCGHDOQ9Ok5qwJ5Q1kRMwv5k0VvZogQ_8vxbXn8I"
"The King and Guardian OCT Round2 016","https://images-wixmp-ed30a86b8c4ca887773594c2.wixmp.com/f/87e8d9dd-e9e5-4075-9178-cb5002e9472a/ddfkk9v-497733d1-1afe-4ac5-b4df-3f3b41b081e8.png/v1/fill/w_1024,h_4452,q_80,strp/the_king_and_guardian_oct_round2_016_by_rilyrobo_ddfkk9v-pre.jpg?token=eyJ0eXAiOiJKV1QiLCJhbGciOiJIUzI1NiJ9.eyJzdWIiOiJ1cm46YXBwOjdlMGQxODg5ODIyNjQzNzNhNWYwZDQxNWVhMGQyNmUwIiwiaXNzIjoidXJuOmFwcDo3ZTBkMTg4OTgyMjY0MzczYTVmMGQ0MTVlYTBkMjZlMCIsIm9iaiI6W1t7ImhlaWdodCI6Ijw9NDQ1MiIsInBhdGgiOiJcL2ZcLzg3ZThkOWRkLWU5ZTUtNDA3NS05MTc4LWNiNTAwMmU5NDcyYVwvZGRma2s5di00OTc3MzNkMS0xYWZlLTRhYzUtYjRkZi0zZjNiNDFiMDgxZTgucG5nIiwid2lkdGgiOiI8PTEwMjQifV1dLCJhdWQiOlsidXJuOnNlcnZpY2U6aW1hZ2Uub3BlcmF0aW9ucyJdfQ.5KcwKu43CFTjVJeezuQdd95nzbM-5dfEdMB_MqQ2wZk"
"The King and Guardian OCT Round2 017","https://images-wixmp-ed30a86b8c4ca887773594c2.wixmp.com/f/87e8d9dd-e9e5-4075-9178-cb5002e9472a/ddfkkcn-68fad057-b5d7-4bcc-aa03-9c30f0ac7438.png/v1/fill/w_1024,h_4452,q_80,strp/the_king_and_guardian_oct_round2_017_by_rilyrobo_ddfkkcn-pre.jpg?token=eyJ0eXAiOiJKV1QiLCJhbGciOiJIUzI1NiJ9.eyJzdWIiOiJ1cm46YXBwOjdlMGQxODg5ODIyNjQzNzNhNWYwZDQxNWVhMGQyNmUwIiwiaXNzIjoidXJuOmFwcDo3ZTBkMTg4OTgyMjY0MzczYTVmMGQ0MTVlYTBkMjZlMCIsIm9iaiI6W1t7ImhlaWdodCI6Ijw9NDQ1MiIsInBhdGgiOiJcL2ZcLzg3ZThkOWRkLWU5ZTUtNDA3NS05MTc4LWNiNTAwMmU5NDcyYVwvZGRma2tjbi02OGZhZDA1Ny1iNWQ3LTRiY2MtYWEwMy05YzMwZjBhYzc0MzgucG5nIiwid2lkdGgiOiI8PTEwMjQifV1dLCJhdWQiOlsidXJuOnNlcnZpY2U6aW1hZ2Uub3BlcmF0aW9ucyJdfQ.xeKjob1LhvAfb82lsfwnclX2hFMrNy_4WsHzWaUzAhQ"
"The King and Guardian OCT Round2 018","https://images-wixmp-ed30a86b8c4ca887773594c2.wixmp.com/f/87e8d9dd-e9e5-4075-9178-cb5002e9472a/ddfkket-ca89d88d-a0b8-45fd-bae0-e0029fb3c6f6.png/v1/fill/w_1024,h_4452,q_80,strp/the_king_and_guardian_oct_round2_018_by_rilyrobo_ddfkket-pre.jpg?token=eyJ0eXAiOiJKV1QiLCJhbGciOiJIUzI1NiJ9.eyJzdWIiOiJ1cm46YXBwOjdlMGQxODg5ODIyNjQzNzNhNWYwZDQxNWVhMGQyNmUwIiwiaXNzIjoidXJuOmFwcDo3ZTBkMTg4OTgyMjY0MzczYTVmMGQ0MTVlYTBkMjZlMCIsIm9iaiI6W1t7ImhlaWdodCI6Ijw9NDQ1MiIsInBhdGgiOiJcL2ZcLzg3ZThkOWRkLWU5ZTUtNDA3NS05MTc4LWNiNTAwMmU5NDcyYVwvZGRma2tldC1jYTg5ZDg4ZC1hMGI4LTQ1ZmQtYmFlMC1lMDAyOWZiM2M2ZjYucG5nIiwid2lkdGgiOiI8PTEwMjQifV1dLCJhdWQiOlsidXJuOnNlcnZpY2U6aW1hZ2Uub3BlcmF0aW9ucyJdfQ.gVEitQ2g02hLBg8n6eycF4lSOEFWvGpF59ppR47Xn1k"
"The King and Guardian OCT Round2 019","https://images-wixmp-ed30a86b8c4ca887773594c2.wixmp.com/f/87e8d9dd-e9e5-4075-9178-cb5002e9472a/ddfkkfy-cb737f77-5369-4d2a-96c1-a36205666da1.png/v1/fill/w_1024,h_4452,q_80,strp/the_king_and_guardian_oct_round2_019_by_rilyrobo_ddfkkfy-pre.jpg?token=eyJ0eXAiOiJKV1QiLCJhbGciOiJIUzI1NiJ9.eyJzdWIiOiJ1cm46YXBwOjdlMGQxODg5ODIyNjQzNzNhNWYwZDQxNWVhMGQyNmUwIiwiaXNzIjoidXJuOmFwcDo3ZTBkMTg4OTgyMjY0MzczYTVmMGQ0MTVlYTBkMjZlMCIsIm9iaiI6W1t7ImhlaWdodCI6Ijw9NDQ1MiIsInBhdGgiOiJcL2ZcLzg3ZThkOWRkLWU5ZTUtNDA3NS05MTc4LWNiNTAwMmU5NDcyYVwvZGRma2tmeS1jYjczN2Y3Ny01MzY5LTRkMmEtOTZjMS1hMzYyMDU2NjZkYTEucG5nIiwid2lkdGgiOiI8PTEwMjQifV1dLCJhdWQiOlsidXJuOnNlcnZpY2U6aW1hZ2Uub3BlcmF0aW9ucyJdfQ.WCwKOcNxayNB0bZHifNmHyBvRBL7ztMhIeuLFjDA3qw"
"The King and Guardian OCT Round2 020","https://images-wixmp-ed30a86b8c4ca887773594c2.wixmp.com/f/87e8d9dd-e9e5-4075-9178-cb5002e9472a/ddfkkgq-268b85f6-b344-4ab5-8037-6897d0c2cab8.png/v1/fill/w_1024,h_4452,q_80,strp/the_king_and_guardian_oct_round2_020_by_rilyrobo_ddfkkgq-pre.jpg?token=eyJ0eXAiOiJKV1QiLCJhbGciOiJIUzI1NiJ9.eyJzdWIiOiJ1cm46YXBwOjdlMGQxODg5ODIyNjQzNzNhNWYwZDQxNWVhMGQyNmUwIiwiaXNzIjoidXJuOmFwcDo3ZTBkMTg4OTgyMjY0MzczYTVmMGQ0MTVlYTBkMjZlMCIsIm9iaiI6W1t7ImhlaWdodCI6Ijw9NDQ1MiIsInBhdGgiOiJcL2ZcLzg3ZThkOWRkLWU5ZTUtNDA3NS05MTc4LWNiNTAwMmU5NDcyYVwvZGRma2tncS0yNjhiODVmNi1iMzQ0LTRhYjUtODAzNy02ODk3ZDBjMmNhYjgucG5nIiwid2lkdGgiOiI8PTEwMjQifV1dLCJhdWQiOlsidXJuOnNlcnZpY2U6aW1hZ2Uub3BlcmF0aW9ucyJdfQ.-FxVxS8naclImPlmuI4Q1hM9-Fk6voDWspHoza-tIx8"
"The King and Guardian OCT Round3 001","https://images-wixmp-ed30a86b8c4ca887773594c2.wixmp.com/f/87e8d9dd-e9e5-4075-9178-cb5002e9472a/ddld1ww-13ca53b0-073a-4e87-a8eb-e99f05f357c8.png/v1/fill/w_1024,h_4452,q_80,strp/the_king_and_guardian_oct_round3_001_by_rilyrobo_ddld1ww-pre.jpg?token=eyJ0eXAiOiJKV1QiLCJhbGciOiJIUzI1NiJ9.eyJzdWIiOiJ1cm46YXBwOjdlMGQxODg5ODIyNjQzNzNhNWYwZDQxNWVhMGQyNmUwIiwiaXNzIjoidXJuOmFwcDo3ZTBkMTg4OTgyMjY0MzczYTVmMGQ0MTVlYTBkMjZlMCIsIm9iaiI6W1t7ImhlaWdodCI6Ijw9NDQ1MiIsInBhdGgiOiJcL2ZcLzg3ZThkOWRkLWU5ZTUtNDA3NS05MTc4LWNiNTAwMmU5NDcyYVwvZGRsZDF3dy0xM2NhNTNiMC0wNzNhLTRlODctYThlYi1lOTlmMDVmMzU3YzgucG5nIiwid2lkdGgiOiI8PTEwMjQifV1dLCJhdWQiOlsidXJuOnNlcnZpY2U6aW1hZ2Uub3BlcmF0aW9ucyJdfQ.haeGQtbeYOr99bacUgr87rnlH2Z5B0QMBEMew3arODw"
"The King and Guardian OCT Round3 002","https://images-wixmp-ed30a86b8c4ca887773594c2.wixmp.com/f/87e8d9dd-e9e5-4075-9178-cb5002e9472a/ddlowa4-b9c5d4bd-7dcc-44dc-90c4-9d81e66f5f69.png/v1/fill/w_1024,h_4452,q_80,strp/the_king_and_guardian_oct_round3_002_by_rilyrobo_ddlowa4-pre.jpg?token=eyJ0eXAiOiJKV1QiLCJhbGciOiJIUzI1NiJ9.eyJzdWIiOiJ1cm46YXBwOjdlMGQxODg5ODIyNjQzNzNhNWYwZDQxNWVhMGQyNmUwIiwiaXNzIjoidXJuOmFwcDo3ZTBkMTg4OTgyMjY0MzczYTVmMGQ0MTVlYTBkMjZlMCIsIm9iaiI6W1t7ImhlaWdodCI6Ijw9NDQ1MiIsInBhdGgiOiJcL2ZcLzg3ZThkOWRkLWU5ZTUtNDA3NS05MTc4LWNiNTAwMmU5NDcyYVwvZGRsb3dhNC1iOWM1ZDRiZC03ZGNjLTQ0ZGMtOTBjNC05ZDgxZTY2ZjVmNjkucG5nIiwid2lkdGgiOiI8PTEwMjQifV1dLCJhdWQiOlsidXJuOnNlcnZpY2U6aW1hZ2Uub3BlcmF0aW9ucyJdfQ.E2IdMtA8lP2WiofNqHegvzrOlq14LOugSWjwCrx8Z_s"
"The King and Guardian OCT Round3 003","https://images-wixmp-ed30a86b8c4ca887773594c2.wixmp.com/f/87e8d9dd-e9e5-4075-9178-cb5002e9472a/ddlowc2-bd56df41-a0bd-4f9d-8ebb-8933b42ed253.png/v1/fill/w_1024,h_4452,q_80,strp/the_king_and_guardian_oct_round3_003_by_rilyrobo_ddlowc2-pre.jpg?token=eyJ0eXAiOiJKV1QiLCJhbGciOiJIUzI1NiJ9.eyJzdWIiOiJ1cm46YXBwOjdlMGQxODg5ODIyNjQzNzNhNWYwZDQxNWVhMGQyNmUwIiwiaXNzIjoidXJuOmFwcDo3ZTBkMTg4OTgyMjY0MzczYTVmMGQ0MTVlYTBkMjZlMCIsIm9iaiI6W1t7ImhlaWdodCI6Ijw9NDQ1MiIsInBhdGgiOiJcL2ZcLzg3ZThkOWRkLWU5ZTUtNDA3NS05MTc4LWNiNTAwMmU5NDcyYVwvZGRsb3djMi1iZDU2ZGY0MS1hMGJkLTRmOWQtOGViYi04OTMzYjQyZWQyNTMucG5nIiwid2lkdGgiOiI8PTEwMjQifV1dLCJhdWQiOlsidXJuOnNlcnZpY2U6aW1hZ2Uub3BlcmF0aW9ucyJdfQ.i0t3vzXU_Z4SwDZgVwOD0gUPR8vcPg3y62veJo9Q_yk"
"The King and Guardian OCT Round3 004","https://images-wixmp-ed30a86b8c4ca887773594c2.wixmp.com/f/87e8d9dd-e9e5-4075-9178-cb5002e9472a/ddlowdq-e5dedb00-4422-4bf4-81ef-acdb0b75d89d.png/v1/fill/w_1024,h_4452,q_80,strp/the_king_and_guardian_oct_round3_004_by_rilyrobo_ddlowdq-pre.jpg?token=eyJ0eXAiOiJKV1QiLCJhbGciOiJIUzI1NiJ9.eyJzdWIiOiJ1cm46YXBwOjdlMGQxODg5ODIyNjQzNzNhNWYwZDQxNWVhMGQyNmUwIiwiaXNzIjoidXJuOmFwcDo3ZTBkMTg4OTgyMjY0MzczYTVmMGQ0MTVlYTBkMjZlMCIsIm9iaiI6W1t7ImhlaWdodCI6Ijw9NDQ1MiIsInBhdGgiOiJcL2ZcLzg3ZThkOWRkLWU5ZTUtNDA3NS05MTc4LWNiNTAwMmU5NDcyYVwvZGRsb3dkcS1lNWRlZGIwMC00NDIyLTRiZjQtODFlZi1hY2RiMGI3NWQ4OWQucG5nIiwid2lkdGgiOiI8PTEwMjQifV1dLCJhdWQiOlsidXJuOnNlcnZpY2U6aW1hZ2Uub3BlcmF0aW9ucyJdfQ.-fO1Zn_VRq0tbxZxDy7H6c7xqVccD8Vu2FSMnjhPU6o"
"The King and Guardian OCT Round3 005","https://images-wixmp-ed30a86b8c4ca887773594c2.wixmp.com/f/87e8d9dd-e9e5-4075-9178-cb5002e9472a/ddlowew-5807fdcb-b876-4ad2-bfde-505b22de2850.png/v1/fill/w_1024,h_4452,q_80,strp/the_king_and_guardian_oct_round3_005_by_rilyrobo_ddlowew-pre.jpg?token=eyJ0eXAiOiJKV1QiLCJhbGciOiJIUzI1NiJ9.eyJzdWIiOiJ1cm46YXBwOjdlMGQxODg5ODIyNjQzNzNhNWYwZDQxNWVhMGQyNmUwIiwiaXNzIjoidXJuOmFwcDo3ZTBkMTg4OTgyMjY0MzczYTVmMGQ0MTVlYTBkMjZlMCIsIm9iaiI6W1t7ImhlaWdodCI6Ijw9NDQ1MiIsInBhdGgiOiJcL2ZcLzg3ZThkOWRkLWU5ZTUtNDA3NS05MTc4LWNiNTAwMmU5NDcyYVwvZGRsb3dldy01ODA3ZmRjYi1iODc2LTRhZDItYmZkZS01MDViMjJkZTI4NTAucG5nIiwid2lkdGgiOiI8PTEwMjQifV1dLCJhdWQiOlsidXJuOnNlcnZpY2U6aW1hZ2Uub3BlcmF0aW9ucyJdfQ.nDQVgxBQK4za1SxfGUv1LKybm7cVwnN6AkuAWn-C_wA"
"The King and Guardian OCT Round3 006","https://images-wixmp-ed30a86b8c4ca887773594c2.wixmp.com/f/87e8d9dd-e9e5-4075-9178-cb5002e9472a/ddlowfk-ab581867-fb3b-4c36-8c7a-2c099e6efdf4.png/v1/fill/w_1024,h_4452,q_80,strp/the_king_and_guardian_oct_round3_006_by_rilyrobo_ddlowfk-pre.jpg?token=eyJ0eXAiOiJKV1QiLCJhbGciOiJIUzI1NiJ9.eyJzdWIiOiJ1cm46YXBwOjdlMGQxODg5ODIyNjQzNzNhNWYwZDQxNWVhMGQyNmUwIiwiaXNzIjoidXJuOmFwcDo3ZTBkMTg4OTgyMjY0MzczYTVmMGQ0MTVlYTBkMjZlMCIsIm9iaiI6W1t7ImhlaWdodCI6Ijw9NDQ1MiIsInBhdGgiOiJcL2ZcLzg3ZThkOWRkLWU5ZTUtNDA3NS05MTc4LWNiNTAwMmU5NDcyYVwvZGRsb3dmay1hYjU4MTg2Ny1mYjNiLTRjMzYtOGM3YS0yYzA5OWU2ZWZkZjQucG5nIiwid2lkdGgiOiI8PTEwMjQifV1dLCJhdWQiOlsidXJuOnNlcnZpY2U6aW1hZ2Uub3BlcmF0aW9ucyJdfQ.CkFgh11DV7jKKuq9Id7jqiA-MDS_PEqNMFMGwHat3Kg"
"The King and Guardian OCT Round3 007","https://images-wixmp-ed30a86b8c4ca887773594c2.wixmp.com/f/87e8d9dd-e9e5-4075-9178-cb5002e9472a/ddlowgu-5bd8f830-3cb5-4f91-a590-6779ee5b77ae.png/v1/fill/w_1024,h_4452,q_80,strp/the_king_and_guardian_oct_round3_007_by_rilyrobo_ddlowgu-pre.jpg?token=eyJ0eXAiOiJKV1QiLCJhbGciOiJIUzI1NiJ9.eyJzdWIiOiJ1cm46YXBwOjdlMGQxODg5ODIyNjQzNzNhNWYwZDQxNWVhMGQyNmUwIiwiaXNzIjoidXJuOmFwcDo3ZTBkMTg4OTgyMjY0MzczYTVmMGQ0MTVlYTBkMjZlMCIsIm9iaiI6W1t7ImhlaWdodCI6Ijw9NDQ1MiIsInBhdGgiOiJcL2ZcLzg3ZThkOWRkLWU5ZTUtNDA3NS05MTc4LWNiNTAwMmU5NDcyYVwvZGRsb3dndS01YmQ4ZjgzMC0zY2I1LTRmOTEtYTU5MC02Nzc5ZWU1Yjc3YWUucG5nIiwid2lkdGgiOiI8PTEwMjQifV1dLCJhdWQiOlsidXJuOnNlcnZpY2U6aW1hZ2Uub3BlcmF0aW9ucyJdfQ.7UyfDQKTZHa1pKoNVr1AHVtNR-phS0KH05eMHj27wa8"
"The King and Guardian OCT Round3 008","https://images-wixmp-ed30a86b8c4ca887773594c2.wixmp.com/f/87e8d9dd-e9e5-4075-9178-cb5002e9472a/ddlowhz-3d538833-a776-4bed-9486-0011f9468c35.png/v1/fill/w_1024,h_4452,q_80,strp/the_king_and_guardian_oct_round3_008_by_rilyrobo_ddlowhz-pre.jpg?token=eyJ0eXAiOiJKV1QiLCJhbGciOiJIUzI1NiJ9.eyJzdWIiOiJ1cm46YXBwOjdlMGQxODg5ODIyNjQzNzNhNWYwZDQxNWVhMGQyNmUwIiwiaXNzIjoidXJuOmFwcDo3ZTBkMTg4OTgyMjY0MzczYTVmMGQ0MTVlYTBkMjZlMCIsIm9iaiI6W1t7ImhlaWdodCI6Ijw9NDQ1MiIsInBhdGgiOiJcL2ZcLzg3ZThkOWRkLWU5ZTUtNDA3NS05MTc4LWNiNTAwMmU5NDcyYVwvZGRsb3doei0zZDUzODgzMy1hNzc2LTRiZWQtOTQ4Ni0wMDExZjk0NjhjMzUucG5nIiwid2lkdGgiOiI8PTEwMjQifV1dLCJhdWQiOlsidXJuOnNlcnZpY2U6aW1hZ2Uub3BlcmF0aW9ucyJdfQ.cYV6hhQDpCbGew-QKrgQ3CWWmqAwv3dgBpj01iwUqXI"
"The King and Guardian OCT Round3 009","https://images-wixmp-ed30a86b8c4ca887773594c2.wixmp.com/f/87e8d9dd-e9e5-4075-9178-cb5002e9472a/ddlowiz-2a07cd9f-bcaa-4aa8-afac-9970d554844e.png/v1/fill/w_1024,h_4452,q_80,strp/the_king_and_guardian_oct_round3_009_by_rilyrobo_ddlowiz-pre.jpg?token=eyJ0eXAiOiJKV1QiLCJhbGciOiJIUzI1NiJ9.eyJzdWIiOiJ1cm46YXBwOjdlMGQxODg5ODIyNjQzNzNhNWYwZDQxNWVhMGQyNmUwIiwiaXNzIjoidXJuOmFwcDo3ZTBkMTg4OTgyMjY0MzczYTVmMGQ0MTVlYTBkMjZlMCIsIm9iaiI6W1t7ImhlaWdodCI6Ijw9NDQ1MiIsInBhdGgiOiJcL2ZcLzg3ZThkOWRkLWU5ZTUtNDA3NS05MTc4LWNiNTAwMmU5NDcyYVwvZGRsb3dpei0yYTA3Y2Q5Zi1iY2FhLTRhYTgtYWZhYy05OTcwZDU1NDg0NGUucG5nIiwid2lkdGgiOiI8PTEwMjQifV1dLCJhdWQiOlsidXJuOnNlcnZpY2U6aW1hZ2Uub3BlcmF0aW9ucyJdfQ.J0Ik3c248Of7ZrrKghHpqY7FSMAiw420-m97JUaVYBo"
"The King and Guardian OCT Round3 010","https://images-wixmp-ed30a86b8c4ca887773594c2.wixmp.com/f/87e8d9dd-e9e5-4075-9178-cb5002e9472a/ddlowjv-07226d81-fb88-4d01-bb7f-90b12e9344cf.png/v1/fill/w_1024,h_4452,q_80,strp/the_king_and_guardian_oct_round3_010_by_rilyrobo_ddlowjv-pre.jpg?token=eyJ0eXAiOiJKV1QiLCJhbGciOiJIUzI1NiJ9.eyJzdWIiOiJ1cm46YXBwOjdlMGQxODg5ODIyNjQzNzNhNWYwZDQxNWVhMGQyNmUwIiwiaXNzIjoidXJuOmFwcDo3ZTBkMTg4OTgyMjY0MzczYTVmMGQ0MTVlYTBkMjZlMCIsIm9iaiI6W1t7ImhlaWdodCI6Ijw9NDQ1MiIsInBhdGgiOiJcL2ZcLzg3ZThkOWRkLWU5ZTUtNDA3NS05MTc4LWNiNTAwMmU5NDcyYVwvZGRsb3dqdi0wNzIyNmQ4MS1mYjg4LTRkMDEtYmI3Zi05MGIxMmU5MzQ0Y2YucG5nIiwid2lkdGgiOiI8PTEwMjQifV1dLCJhdWQiOlsidXJuOnNlcnZpY2U6aW1hZ2Uub3BlcmF0aW9ucyJdfQ.vSrTHLqkyu3NM6vMfXGliYYMRV63WfQS0OLzEHwflmQ"
"The King and Guardian OCT Round3 011","https://images-wixmp-ed30a86b8c4ca887773594c2.wixmp.com/f/87e8d9dd-e9e5-4075-9178-cb5002e9472a/ddlowle-138c539b-5dd7-45ad-ad12-dc50da468128.png/v1/fill/w_1024,h_4452,q_80,strp/the_king_and_guardian_oct_round3_011_by_rilyrobo_ddlowle-pre.jpg?token=eyJ0eXAiOiJKV1QiLCJhbGciOiJIUzI1NiJ9.eyJzdWIiOiJ1cm46YXBwOjdlMGQxODg5ODIyNjQzNzNhNWYwZDQxNWVhMGQyNmUwIiwiaXNzIjoidXJuOmFwcDo3ZTBkMTg4OTgyMjY0MzczYTVmMGQ0MTVlYTBkMjZlMCIsIm9iaiI6W1t7ImhlaWdodCI6Ijw9NDQ1MiIsInBhdGgiOiJcL2ZcLzg3ZThkOWRkLWU5ZTUtNDA3NS05MTc4LWNiNTAwMmU5NDcyYVwvZGRsb3dsZS0xMzhjNTM5Yi01ZGQ3LTQ1YWQtYWQxMi1kYzUwZGE0NjgxMjgucG5nIiwid2lkdGgiOiI8PTEwMjQifV1dLCJhdWQiOlsidXJuOnNlcnZpY2U6aW1hZ2Uub3BlcmF0aW9ucyJdfQ.Ln7ifPrzjPLZnhNUxzmf7_p99xCXxAGJxzO49_mDVOo"
"The King and Guardian OCT Round3 012","https://images-wixmp-ed30a86b8c4ca887773594c2.wixmp.com/f/87e8d9dd-e9e5-4075-9178-cb5002e9472a/ddlowmm-d0e8528f-35c5-4842-91d7-95ad9c092eed.png/v1/fill/w_1024,h_4452,q_80,strp/the_king_and_guardian_oct_round3_012_by_rilyrobo_ddlowmm-pre.jpg?token=eyJ0eXAiOiJKV1QiLCJhbGciOiJIUzI1NiJ9.eyJzdWIiOiJ1cm46YXBwOjdlMGQxODg5ODIyNjQzNzNhNWYwZDQxNWVhMGQyNmUwIiwiaXNzIjoidXJuOmFwcDo3ZTBkMTg4OTgyMjY0MzczYTVmMGQ0MTVlYTBkMjZlMCIsIm9iaiI6W1t7ImhlaWdodCI6Ijw9NDQ1MiIsInBhdGgiOiJcL2ZcLzg3ZThkOWRkLWU5ZTUtNDA3NS05MTc4LWNiNTAwMmU5NDcyYVwvZGRsb3dtbS1kMGU4NTI4Zi0zNWM1LTQ4NDItOTFkNy05NWFkOWMwOTJlZWQucG5nIiwid2lkdGgiOiI8PTEwMjQifV1dLCJhdWQiOlsidXJuOnNlcnZpY2U6aW1hZ2Uub3BlcmF0aW9ucyJdfQ.URgfkREybKVTZmGJSOTz13Z89H5n3KBaDKT4uxS2CMI"
"The King and Guardian OCT Round3 013","https://images-wixmp-ed30a86b8c4ca887773594c2.wixmp.com/f/87e8d9dd-e9e5-4075-9178-cb5002e9472a/ddlowno-682c2c9e-eb4e-48df-a7a2-7ef32755b349.png/v1/fill/w_1024,h_4452,q_80,strp/the_king_and_guardian_oct_round3_013_by_rilyrobo_ddlowno-pre.jpg?token=eyJ0eXAiOiJKV1QiLCJhbGciOiJIUzI1NiJ9.eyJzdWIiOiJ1cm46YXBwOjdlMGQxODg5ODIyNjQzNzNhNWYwZDQxNWVhMGQyNmUwIiwiaXNzIjoidXJuOmFwcDo3ZTBkMTg4OTgyMjY0MzczYTVmMGQ0MTVlYTBkMjZlMCIsIm9iaiI6W1t7ImhlaWdodCI6Ijw9NDQ1MiIsInBhdGgiOiJcL2ZcLzg3ZThkOWRkLWU5ZTUtNDA3NS05MTc4LWNiNTAwMmU5NDcyYVwvZGRsb3duby02ODJjMmM5ZS1lYjRlLTQ4ZGYtYTdhMi03ZWYzMjc1NWIzNDkucG5nIiwid2lkdGgiOiI8PTEwMjQifV1dLCJhdWQiOlsidXJuOnNlcnZpY2U6aW1hZ2Uub3BlcmF0aW9ucyJdfQ.UXBBENOYdDJ87yD5esdRzOfZpEARJ6qpWENHwbEDXKw"
"The King and Guardian OCT Round3 014","https://images-wixmp-ed30a86b8c4ca887773594c2.wixmp.com/f/87e8d9dd-e9e5-4075-9178-cb5002e9472a/ddlowop-0fe501c8-caaa-43df-be29-e7ca3dc14feb.png/v1/fill/w_1024,h_4452,q_80,strp/the_king_and_guardian_oct_round3_014_by_rilyrobo_ddlowop-fullview.jpg?token=eyJ0eXAiOiJKV1QiLCJhbGciOiJIUzI1NiJ9.eyJzdWIiOiJ1cm46YXBwOjdlMGQxODg5ODIyNjQzNzNhNWYwZDQxNWVhMGQyNmUwIiwiaXNzIjoidXJuOmFwcDo3ZTBkMTg4OTgyMjY0MzczYTVmMGQ0MTVlYTBkMjZlMCIsIm9iaiI6W1t7ImhlaWdodCI6Ijw9NDQ1MiIsInBhdGgiOiJcL2ZcLzg3ZThkOWRkLWU5ZTUtNDA3NS05MTc4LWNiNTAwMmU5NDcyYVwvZGRsb3dvcC0wZmU1MDFjOC1jYWFhLTQzZGYtYmUyOS1lN2NhM2RjMTRmZWIucG5nIiwid2lkdGgiOiI8PTEwMjQifV1dLCJhdWQiOlsidXJuOnNlcnZpY2U6aW1hZ2Uub3BlcmF0aW9ucyJdfQ.tjgVd0AeinKQANsT1lu24EOzSfTxuqPvegQZ1Xr0Iyo"
"The King and Guardian OCT Round3 015","https://images-wixmp-ed30a86b8c4ca887773594c2.wixmp.com/f/87e8d9dd-e9e5-4075-9178-cb5002e9472a/ddlowpp-64b3cb8c-422a-4369-93ea-5ba814177621.png/v1/fill/w_1024,h_4452,q_80,strp/the_king_and_guardian_oct_round3_015_by_rilyrobo_ddlowpp-fullview.jpg?token=eyJ0eXAiOiJKV1QiLCJhbGciOiJIUzI1NiJ9.eyJzdWIiOiJ1cm46YXBwOjdlMGQxODg5ODIyNjQzNzNhNWYwZDQxNWVhMGQyNmUwIiwiaXNzIjoidXJuOmFwcDo3ZTBkMTg4OTgyMjY0MzczYTVmMGQ0MTVlYTBkMjZlMCIsIm9iaiI6W1t7ImhlaWdodCI6Ijw9NDQ1MiIsInBhdGgiOiJcL2ZcLzg3ZThkOWRkLWU5ZTUtNDA3NS05MTc4LWNiNTAwMmU5NDcyYVwvZGRsb3dwcC02NGIzY2I4Yy00MjJhLTQzNjktOTNlYS01YmE4MTQxNzc2MjEucG5nIiwid2lkdGgiOiI8PTEwMjQifV1dLCJhdWQiOlsidXJuOnNlcnZpY2U6aW1hZ2Uub3BlcmF0aW9ucyJdfQ.6d5C4Lxs3xA19SD9qNP3DZqmC_peLT-eXY2mlZuk9l8"
